model,config,val_sharpe,trial_id
ou,entry 1.0,-0.8797443522254217,1a129da757
ou,entry 1.25,-0.3456681743564797,12c3561748
ou,entry 1.5,-0.468811650183197,e026974aee
mlp,"hidden 32, lr 0.001",-0.002222131547826,d7721835c8
mlp,"hidden 32, lr 0.0003",-0.4222396364447034,1675c71d60
mlp,"hidden 64, lr 0.001",-0.0995524617134409,816c7d7d05
mlp,"hidden 64, lr 0.0003",-0.2844992195727757,89ba4b97a4
temporal_cnn,"channels 16, lr 0.001",-0.1576709818418047,c4ac6146ed
temporal_cnn,"channels 16, lr 0.0003",-0.1431493963101698,691daabcfe
temporal_cnn,"channels 32, lr 0.001",-0.1836252864942822,9d510994ca
temporal_cnn,"channels 32, lr 0.0003",-0.1821051364811654,dde200d893
transformer,"d_model 32, lr 0.001",0.2084881263350622,a7b7faa58f
transformer,"d_model 32, lr 0.0003",0.200952885447554,fd638b5f39
transformer,"d_model 64, lr 0.001",0.1943035338535429,6f0cdc2df8
transformer,"d_model 64, lr 0.0003",0.1003773953894236,0ce024f5f7
